{
  "Get character id" : {
    "transaction" : "Get character id",
    "sampleCount" : 20000,
    "errorCount" : 8,
    "errorPct" : 0.04,
    "meanResTime" : 685.1128499999993,
    "medianResTime" : 14.0,
    "minResTime" : 1.0,
    "maxResTime" : 32456.0,
    "pct1ResTime" : 877.0,
    "pct2ResTime" : 3662.0,
    "pct3ResTime" : 15274.600000000064,
    "throughput" : 153.59213608263255,
    "receivedKBytesPerSec" : 28.912519678992435,
    "sentKBytesPerSec" : 23.389442460546018
  },
  "Delete user" : {
    "transaction" : "Delete user",
    "sampleCount" : 20000,
    "errorCount" : 0,
    "errorPct" : 0.0,
    "meanResTime" : 37.478650000000286,
    "medianResTime" : 12.0,
    "minResTime" : 1.0,
    "maxResTime" : 1882.0,
    "pct1ResTime" : 45.0,
    "pct2ResTime" : 102.0,
    "pct3ResTime" : 671.9900000000016,
    "throughput" : 155.60932722307373,
    "receivedKBytesPerSec" : 37.83859617045446,
    "sentKBytesPerSec" : 27.04927758369837
  },
  "Total" : {
    "transaction" : "Total",
    "sampleCount" : 100000,
    "errorCount" : 952,
    "errorPct" : 0.952,
    "meanResTime" : 1963.980129999995,
    "medianResTime" : 10.0,
    "minResTime" : 1.0,
    "maxResTime" : 127697.0,
    "pct1ResTime" : 28.0,
    "pct2ResTime" : 2640.9000000000015,
    "pct3ResTime" : 75059.93000000001,
    "throughput" : 764.8066568771414,
    "receivedKBytesPerSec" : 262.35497353768966,
    "sentKBytesPerSec" : 136.48046492596671
  },
  "Get all characters" : {
    "transaction" : "Get all characters",
    "sampleCount" : 20000,
    "errorCount" : 944,
    "errorPct" : 4.72,
    "meanResTime" : 9009.765299999974,
    "medianResTime" : 14.0,
    "minResTime" : 1.0,
    "maxResTime" : 127697.0,
    "pct1ResTime" : 30120.800000000003,
    "pct2ResTime" : 65070.0,
    "pct3ResTime" : 75059.93000000001,
    "throughput" : 152.96952082297602,
    "receivedKBytesPerSec" : 117.50210333091131,
    "sentKBytesPerSec" : 21.919337259551035
  },
  "Create user" : {
    "transaction" : "Create user",
    "sampleCount" : 20000,
    "errorCount" : 0,
    "errorPct" : 0.0,
    "meanResTime" : 46.26175000000002,
    "medianResTime" : 13.0,
    "minResTime" : 1.0,
    "maxResTime" : 6962.0,
    "pct1ResTime" : 45.0,
    "pct2ResTime" : 175.95000000000073,
    "pct3ResTime" : 863.9900000000016,
    "throughput" : 154.03217732184254,
    "receivedKBytesPerSec" : 39.71142071578753,
    "sentKBytesPerSec" : 32.641584451992024
  },
  "Change user" : {
    "transaction" : "Change user",
    "sampleCount" : 20000,
    "errorCount" : 0,
    "errorPct" : 0.0,
    "meanResTime" : 41.28209999999967,
    "medianResTime" : 12.0,
    "minResTime" : 1.0,
    "maxResTime" : 1848.0,
    "pct1ResTime" : 46.0,
    "pct2ResTime" : 198.0,
    "pct3ResTime" : 856.9900000000016,
    "throughput" : 154.81433890406927,
    "receivedKBytesPerSec" : 39.91307174870536,
    "sentKBytesPerSec" : 32.65614961257712
  }
}