{
  "Get character id" : {
    "transaction" : "Get character id",
    "sampleCount" : 100,
    "errorCount" : 0,
    "errorPct" : 0.0,
    "meanResTime" : 17.249999999999996,
    "medianResTime" : 14.0,
    "minResTime" : 3.0,
    "maxResTime" : 81.0,
    "pct1ResTime" : 30.900000000000006,
    "pct2ResTime" : 46.34999999999985,
    "pct3ResTime" : 80.93999999999997,
    "throughput" : 132.9787234042553,
    "receivedKBytesPerSec" : 24.93351063829787,
    "sentKBytesPerSec" : 20.25847739361702
  },
  "Delete user" : {
    "transaction" : "Delete user",
    "sampleCount" : 100,
    "errorCount" : 0,
    "errorPct" : 0.0,
    "meanResTime" : 15.049999999999999,
    "medianResTime" : 9.0,
    "minResTime" : 2.0,
    "maxResTime" : 58.0,
    "pct1ResTime" : 37.900000000000006,
    "pct2ResTime" : 42.0,
    "pct3ResTime" : 57.97999999999999,
    "throughput" : 142.04545454545456,
    "receivedKBytesPerSec" : 34.54034978693182,
    "sentKBytesPerSec" : 24.691495028409093
  },
  "Total" : {
    "transaction" : "Total",
    "sampleCount" : 500,
    "errorCount" : 0,
    "errorPct" : 0.0,
    "meanResTime" : 45.521999999999956,
    "medianResTime" : 16.0,
    "minResTime" : 2.0,
    "maxResTime" : 228.0,
    "pct1ResTime" : 158.7000000000001,
    "pct2ResTime" : 209.0,
    "pct3ResTime" : 223.0,
    "throughput" : 570.7762557077626,
    "receivedKBytesPerSec" : 155.92001997716895,
    "sentKBytesPerSec" : 102.6728381849315
  },
  "Get all characters" : {
    "transaction" : "Get all characters",
    "sampleCount" : 100,
    "errorCount" : 0,
    "errorPct" : 0.0,
    "meanResTime" : 156.52999999999994,
    "medianResTime" : 157.5,
    "minResTime" : 54.0,
    "maxResTime" : 228.0,
    "pct1ResTime" : 221.0,
    "pct2ResTime" : 223.0,
    "pct3ResTime" : 227.98,
    "throughput" : 116.82242990654206,
    "receivedKBytesPerSec" : 49.0152234228972,
    "sentKBytesPerSec" : 17.56899824766355
  },
  "Create user" : {
    "transaction" : "Create user",
    "sampleCount" : 100,
    "errorCount" : 0,
    "errorPct" : 0.0,
    "meanResTime" : 21.290000000000003,
    "medianResTime" : 14.0,
    "minResTime" : 3.0,
    "maxResTime" : 80.0,
    "pct1ResTime" : 56.0,
    "pct2ResTime" : 59.89999999999998,
    "pct3ResTime" : 79.87999999999994,
    "throughput" : 134.40860215053763,
    "receivedKBytesPerSec" : 34.65221774193549,
    "sentKBytesPerSec" : 28.483072916666668
  },
  "Change user" : {
    "transaction" : "Change user",
    "sampleCount" : 100,
    "errorCount" : 0,
    "errorPct" : 0.0,
    "meanResTime" : 17.490000000000002,
    "medianResTime" : 11.0,
    "minResTime" : 3.0,
    "maxResTime" : 82.0,
    "pct1ResTime" : 43.0,
    "pct2ResTime" : 44.94999999999999,
    "pct3ResTime" : 81.92999999999996,
    "throughput" : 138.31258644536655,
    "receivedKBytesPerSec" : 35.65871369294606,
    "sentKBytesPerSec" : 29.175311203319502
  }
}