{
  "Get character id" : {
    "transaction" : "Get character id",
    "sampleCount" : 2000,
    "errorCount" : 0,
    "errorPct" : 0.0,
    "meanResTime" : 79.73800000000007,
    "medianResTime" : 11.0,
    "minResTime" : 1.0,
    "maxResTime" : 888.0,
    "pct1ResTime" : 361.60000000000036,
    "pct2ResTime" : 525.0,
    "pct3ResTime" : 759.9200000000001,
    "throughput" : 64.15602745877976,
    "receivedKBytesPerSec" : 12.029255148521203,
    "sentKBytesPerSec" : 9.773769808173478
  },
  "Delete user" : {
    "transaction" : "Delete user",
    "sampleCount" : 2000,
    "errorCount" : 0,
    "errorPct" : 0.0,
    "meanResTime" : 19.966499999999993,
    "medianResTime" : 7.0,
    "minResTime" : 1.0,
    "maxResTime" : 197.0,
    "pct1ResTime" : 92.0,
    "pct2ResTime" : 123.0,
    "pct3ResTime" : 177.99,
    "throughput" : 66.09385327164574,
    "receivedKBytesPerSec" : 16.071649867812294,
    "sentKBytesPerSec" : 11.488970588235293
  },
  "Total" : {
    "transaction" : "Total",
    "sampleCount" : 10000,
    "errorCount" : 189,
    "errorPct" : 1.89,
    "meanResTime" : 924.5090000000017,
    "medianResTime" : 8.0,
    "minResTime" : 1.0,
    "maxResTime" : 30300.0,
    "pct1ResTime" : 592.8999999999996,
    "pct2ResTime" : 4708.649999999992,
    "pct3ResTime" : 30137.989999999998,
    "throughput" : 317.32935613873644,
    "receivedKBytesPerSec" : 103.88870391782756,
    "sentKBytesPerSec" : 56.1801255632596
  },
  "Get all characters" : {
    "transaction" : "Get all characters",
    "sampleCount" : 2000,
    "errorCount" : 189,
    "errorPct" : 9.45,
    "meanResTime" : 4470.5075000000015,
    "medianResTime" : 187.5,
    "minResTime" : 2.0,
    "maxResTime" : 30300.0,
    "pct1ResTime" : 6672.6,
    "pct2ResTime" : 30137.95,
    "pct3ResTime" : 30246.98,
    "throughput" : 63.47997206881229,
    "receivedKBytesPerSec" : 43.84138264338539,
    "sentKBytesPerSec" : 8.644620766679363
  },
  "Create user" : {
    "transaction" : "Create user",
    "sampleCount" : 2000,
    "errorCount" : 0,
    "errorPct" : 0.0,
    "meanResTime" : 29.450499999999916,
    "medianResTime" : 8.0,
    "minResTime" : 2.0,
    "maxResTime" : 490.0,
    "pct1ResTime" : 104.0,
    "pct2ResTime" : 184.94999999999982,
    "pct3ResTime" : 451.98,
    "throughput" : 64.80671397556786,
    "receivedKBytesPerSec" : 16.70798094682609,
    "sentKBytesPerSec" : 13.733454035838113
  },
  "Change user" : {
    "transaction" : "Change user",
    "sampleCount" : 2000,
    "errorCount" : 0,
    "errorPct" : 0.0,
    "meanResTime" : 22.88250000000002,
    "medianResTime" : 7.0,
    "minResTime" : 1.0,
    "maxResTime" : 355.0,
    "pct1ResTime" : 104.80000000000018,
    "pct2ResTime" : 162.0,
    "pct3ResTime" : 198.0,
    "throughput" : 65.68791670772161,
    "receivedKBytesPerSec" : 16.93516602620948,
    "sentKBytesPerSec" : 13.85604493053503
  }
}