{
  "Get character id" : {
    "transaction" : "Get character id",
    "sampleCount" : 59569,
    "errorCount" : 49627,
    "errorPct" : 83.31011,
    "meanResTime" : 2438.5326596048417,
    "medianResTime" : 349.0,
    "minResTime" : 0.0,
    "maxResTime" : 138251.0,
    "pct1ResTime" : 6673.600000000006,
    "pct2ResTime" : 30200.0,
    "pct3ResTime" : 31032.970000000005,
    "throughput" : 264.76170157917426,
    "receivedKBytesPerSec" : 508.1732392559591,
    "sentKBytesPerSec" : 9.06109161033108
  },
  "Delete user" : {
    "transaction" : "Delete user",
    "sampleCount" : 53823,
    "errorCount" : 40723,
    "errorPct" : 75.660965,
    "meanResTime" : 1262.4910725897873,
    "medianResTime" : 364.0,
    "minResTime" : 0.0,
    "maxResTime" : 121041.0,
    "pct1ResTime" : 5568.8000000000175,
    "pct2ResTime" : 16455.800000000003,
    "pct3ResTime" : 30941.99,
    "throughput" : 239.7386273033803,
    "receivedKBytesPerSec" : 440.3098285214937,
    "sentKBytesPerSec" : 11.233050361458663
  },
  "Total" : {
    "transaction" : "Total",
    "sampleCount" : 288664,
    "errorCount" : 237549,
    "errorPct" : 82.292564,
    "meanResTime" : 4069.2211394563906,
    "medianResTime" : 385.0,
    "minResTime" : 0.0,
    "maxResTime" : 138978.0,
    "pct1ResTime" : 30271.9,
    "pct2ResTime" : 30649.95,
    "pct3ResTime" : 38216.98,
    "throughput" : 1273.4933008633657,
    "receivedKBytesPerSec" : 2587.1071984561327,
    "sentKBytesPerSec" : 54.924899241356414
  },
  "Get all characters" : {
    "transaction" : "Get all characters",
    "sampleCount" : 61950,
    "errorCount" : 58401,
    "errorPct" : 94.27119,
    "meanResTime" : 13068.905117029952,
    "medianResTime" : 365.5,
    "minResTime" : 0.0,
    "maxResTime" : 138978.0,
    "pct1ResTime" : 7530.9000000000015,
    "pct2ResTime" : 30241.0,
    "pct3ResTime" : 131155.96000000002,
    "throughput" : 273.3180681111273,
    "receivedKBytesPerSec" : 701.0388282204766,
    "sentKBytesPerSec" : 8.61502025068495
  },
  "Create user" : {
    "transaction" : "Create user",
    "sampleCount" : 57650,
    "errorCount" : 45582,
    "errorPct" : 79.06678,
    "meanResTime" : 1390.548620988728,
    "medianResTime" : 356.0,
    "minResTime" : 0.0,
    "maxResTime" : 121195.0,
    "pct1ResTime" : 6085.0,
    "pct2ResTime" : 17947.000000000335,
    "pct3ResTime" : 31110.0,
    "throughput" : 256.361226976405,
    "receivedKBytesPerSec" : 487.65346602518923,
    "sentKBytesPerSec" : 13.04873764191028
  },
  "Change user" : {
    "transaction" : "Change user",
    "sampleCount" : 55672,
    "errorCount" : 43216,
    "errorPct" : 77.6261,
    "meanResTime" : 1286.8559060209848,
    "medianResTime" : 369.0,
    "minResTime" : 0.0,
    "maxResTime" : 120929.0,
    "pct1ResTime" : 5539.9000000000015,
    "pct2ResTime" : 16801.0,
    "pct3ResTime" : 30929.970000000005,
    "throughput" : 247.7780003115473,
    "receivedKBytesPerSec" : 465.8781669337072,
    "sentKBytesPerSec" : 13.362144502303224
  }
}