{
  "Get character id" : {
    "transaction" : "Get character id",
    "sampleCount" : 6936,
    "errorCount" : 0,
    "errorPct" : 0.0,
    "meanResTime" : 17.685986159169616,
    "medianResTime" : 7.0,
    "minResTime" : 1.0,
    "maxResTime" : 901.0,
    "pct1ResTime" : 22.0,
    "pct2ResTime" : 55.0,
    "pct3ResTime" : 238.67000000000098,
    "throughput" : 228.50365684917966,
    "receivedKBytesPerSec" : 42.84443565922119,
    "sentKBytesPerSec" : 34.81110397311722
  },
  "Delete user" : {
    "transaction" : "Delete user",
    "sampleCount" : 6932,
    "errorCount" : 0,
    "errorPct" : 0.0,
    "meanResTime" : 16.809290248124604,
    "medianResTime" : 3.0,
    "minResTime" : 1.0,
    "maxResTime" : 544.0,
    "pct1ResTime" : 45.0,
    "pct2ResTime" : 62.0,
    "pct3ResTime" : 406.0,
    "throughput" : 233.91260334064452,
    "receivedKBytesPerSec" : 56.879138898262184,
    "sentKBytesPerSec" : 40.66058925257297
  },
  "Total" : {
    "transaction" : "Total",
    "sampleCount" : 35664,
    "errorCount" : 1067,
    "errorPct" : 2.9918125,
    "meanResTime" : 863.9306583669821,
    "medianResTime" : 6.0,
    "minResTime" : 1.0,
    "maxResTime" : 32801.0,
    "pct1ResTime" : 2664.9000000000015,
    "pct2ResTime" : 4124.700000000004,
    "pct3ResTime" : 23926.770000000037,
    "throughput" : 780.6330166790701,
    "receivedKBytesPerSec" : 218.0836178273979,
    "sentKBytesPerSec" : 139.67977402814867
  },
  "Get all characters" : {
    "transaction" : "Get all characters",
    "sampleCount" : 7929,
    "errorCount" : 1067,
    "errorPct" : 13.45693,
    "meanResTime" : 3821.1571446588514,
    "medianResTime" : 2360.0,
    "minResTime" : 478.0,
    "maxResTime" : 32801.0,
    "pct1ResTime" : 6220.0,
    "pct2ResTime" : 14550.0,
    "pct3ResTime" : 30317.4,
    "throughput" : 173.55426169942652,
    "receivedKBytesPerSec" : 74.46852307736506,
    "sentKBytesPerSec" : 26.00217893610734
  },
  "Create user" : {
    "transaction" : "Create user",
    "sampleCount" : 6934,
    "errorCount" : 0,
    "errorPct" : 0.0,
    "meanResTime" : 19.78756850302861,
    "medianResTime" : 5.0,
    "minResTime" : 1.0,
    "maxResTime" : 943.0,
    "pct1ResTime" : 31.0,
    "pct2ResTime" : 52.0,
    "pct3ResTime" : 441.0,
    "throughput" : 229.99867321215336,
    "receivedKBytesPerSec" : 59.296532937508296,
    "sentKBytesPerSec" : 48.739953209997346
  },
  "Change user" : {
    "transaction" : "Change user",
    "sampleCount" : 6933,
    "errorCount" : 0,
    "errorPct" : 0.0,
    "meanResTime" : 19.741670272609195,
    "medianResTime" : 4.0,
    "minResTime" : 1.0,
    "maxResTime" : 838.0,
    "pct1ResTime" : 44.0,
    "pct2ResTime" : 65.0,
    "pct3ResTime" : 417.65999999999985,
    "throughput" : 231.08459436037597,
    "receivedKBytesPerSec" : 59.57649698353443,
    "sentKBytesPerSec" : 48.74440662289181
  }
}