{
  "Get character id" : {
    "transaction" : "Get character id",
    "sampleCount" : 15186,
    "errorCount" : 4587,
    "errorPct" : 30.205452,
    "meanResTime" : 2883.023771895168,
    "medianResTime" : 21.0,
    "minResTime" : 1.0,
    "maxResTime" : 65556.0,
    "pct1ResTime" : 6095.500000000027,
    "pct2ResTime" : 30022.19999999999,
    "pct3ResTime" : 43959.13,
    "throughput" : 164.43429016924193,
    "receivedKBytesPerSec" : 104.9340002659632,
    "sentKBytesPerSec" : 19.620115886868863
  },
  "Delete user" : {
    "transaction" : "Delete user",
    "sampleCount" : 13543,
    "errorCount" : 2272,
    "errorPct" : 16.776194,
    "meanResTime" : 90.24396367126933,
    "medianResTime" : 9.0,
    "minResTime" : 1.0,
    "maxResTime" : 8146.0,
    "pct1ResTime" : 206.0,
    "pct2ResTime" : 407.7999999999993,
    "pct3ResTime" : 967.0,
    "throughput" : 202.08908453331344,
    "receivedKBytesPerSec" : 117.72779706502276,
    "sentKBytesPerSec" : 29.253653566365738
  },
  "Total" : {
    "transaction" : "Total",
    "sampleCount" : 74884,
    "errorCount" : 23722,
    "errorPct" : 31.67833,
    "meanResTime" : 4339.323954382749,
    "medianResTime" : 97.0,
    "minResTime" : 1.0,
    "maxResTime" : 68923.0,
    "pct1ResTime" : 64718.700000000004,
    "pct2ResTime" : 65406.95,
    "pct3ResTime" : 65847.0,
    "throughput" : 795.0144385935112,
    "receivedKBytesPerSec" : 575.1240858101007,
    "sentKBytesPerSec" : 111.51887152704052
  },
  "Get all characters" : {
    "transaction" : "Get all characters",
    "sampleCount" : 18336,
    "errorCount" : 11538,
    "errorPct" : 62.925392,
    "meanResTime" : 15102.758235165833,
    "medianResTime" : 3763.5,
    "minResTime" : 1.0,
    "maxResTime" : 68923.0,
    "pct1ResTime" : 64855.5,
    "pct2ResTime" : 65438.0,
    "pct3ResTime" : 65861.63,
    "throughput" : 194.66621369118397,
    "receivedKBytesPerSec" : 199.42784750828096,
    "sentKBytesPerSec" : 20.868072328329372
  },
  "Create user" : {
    "transaction" : "Create user",
    "sampleCount" : 14039,
    "errorCount" : 2806,
    "errorPct" : 19.987179,
    "meanResTime" : 125.08341049932315,
    "medianResTime" : 12.0,
    "minResTime" : 1.0,
    "maxResTime" : 32066.0,
    "pct1ResTime" : 215.0,
    "pct2ResTime" : 471.0,
    "pct3ResTime" : 1073.4000000000015,
    "throughput" : 186.006147649584,
    "receivedKBytesPerSec" : 121.86035596166332,
    "sentKBytesPerSec" : 31.642793528737613
  },
  "Change user" : {
    "transaction" : "Change user",
    "sampleCount" : 13780,
    "errorCount" : 2519,
    "errorPct" : 18.280117,
    "meanResTime" : 91.57772133526818,
    "medianResTime" : 10.0,
    "minResTime" : 1.0,
    "maxResTime" : 8116.0,
    "pct1ResTime" : 229.0,
    "pct2ResTime" : 592.0,
    "pct3ResTime" : 973.0,
    "throughput" : 204.96192289386005,
    "receivedKBytesPerSec" : 128.05732098833144,
    "sentKBytesPerSec" : 35.36855124791766
  }
}